ListSchema={"schemaXmlList":["<Field ID=\"{fa564e0f-0c70-4ab9-b863-0177e6ddd247}\" Type=\"Text\" Name=\"Title\" DisplayName=\"Title\" Required=\"FALSE\" SourceID=\"http://schemas.microsoft.com/sharepoint/v3\" StaticName=\"Title\" FromBaseType=\"TRUE\" MaxLength=\"255\" />","<Field DisplayName=\"Customer ID\" Format=\"Dropdown\" IsModern=\"TRUE\" MaxLength=\"255\" Name=\"CustomerID\" Title=\"Customer ID\" Type=\"Text\" ID=\"{0b006f63-756e-40a1-9dc3-431074c4c7a7}\" StaticName=\"CustomerID\" />","<Field DisplayName=\"Customer Name\" Format=\"Dropdown\" IsModern=\"TRUE\" MaxLength=\"255\" Name=\"CustomerName\" Title=\"Customer Name\" Type=\"Text\" ID=\"{33b44f21-7136-4b0f-8c1e-a984a7b57214}\" StaticName=\"CustomerName\" />","<Field CommaSeparator=\"TRUE\" DisplayName=\"Subtotal\" Format=\"$123,456.00 (United States)\" IsModern=\"TRUE\" LCID=\"1033\" Name=\"Subtotal\" Title=\"Subtotal\" Type=\"Currency\" ID=\"{5b19a6ea-4b8a-460f-a332-4044876c8ab8}\" StaticName=\"Subtotal\" />","<Field CommaSeparator=\"TRUE\" DisplayName=\"Taxes\" Format=\"$123,456.00 (United States)\" IsModern=\"TRUE\" LCID=\"1033\" Name=\"Taxes\" Title=\"Taxes\" Type=\"Currency\" ID=\"{e34aad61-51c3-473c-9d13-3bda14c6090b}\" StaticName=\"Taxes\" />","<Field ClientSideComponentId=\"00000000-0000-0000-0000-000000000000\" CommaSeparator=\"TRUE\" DisplayName=\"Freight\" Format=\"$123,456.00 (United States)\" LCID=\"1033\" Min=\"0\" Name=\"Freight\" Title=\"Freight\" Type=\"Currency\" ID=\"{0357eb02-d1d4-420b-ab6b-bdab1b0df75a}\" StaticName=\"Freight\" />","<Field DisplayName=\"Invoice Date\" FriendlyDisplayFormat=\"Disabled\" Format=\"DateOnly\" IsModern=\"TRUE\" Name=\"InvoiceDate\" Title=\"Invoice Date\" Type=\"DateTime\" ID=\"{27bfb01d-85f1-476e-8c4c-896e9b27f4c0}\" StaticName=\"InvoiceDate\"><Default>[today]</Default></Field>","<Field ID=\"{82642ec8-ef9b-478f-acf9-31f7d45fbc31}\" ReadOnly=\"TRUE\" Type=\"Computed\" Name=\"LinkTitle\" DisplayName=\"Invoice Number\" DisplayNameSrcField=\"Title\" ClassInfo=\"Menu\" AuthoringInfo=\"(linked to item with edit menu)\" ListItemMenuAllowed=\"Required\" LinkToItemAllowed=\"Prohibited\" SourceID=\"http://schemas.microsoft.com/sharepoint/v3\" StaticName=\"LinkTitle\" FromBaseType=\"TRUE\"><FieldRefs><FieldRef Name=\"Title\" /><FieldRef Name=\"LinkTitleNoMenu\" /><FieldRef Name=\"_EditMenuTableStart2\" /><FieldRef Name=\"_EditMenuTableEnd\" /></FieldRefs><DisplayPattern><FieldSwitch><Expr><GetVar Name=\"FreeForm\" /></Expr><Case Value=\"TRUE\"><Field Name=\"LinkTitleNoMenu\" /></Case><Default><HTML><![CDATA[<div class=\"ms-vb itx\" onmouseover=\"OnItem(this)\" CTXName=\"ctx]]></HTML><Field Name=\"_EditMenuTableStart2\" /><HTML><![CDATA[\">]]></HTML><Field Name=\"LinkTitleNoMenu\" /><HTML><![CDATA[</div>]]></HTML><HTML><![CDATA[<div class=\"s4-ctx\" onmouseover=\"OnChildItem(this.parentNode); return false;\">]]></HTML><HTML><![CDATA[<span>&nbsp;</span>]]></HTML><HTML><![CDATA[<a onfocus=\"OnChildItem(this.parentNode.parentNode); return false;\" onclick=\"PopMenuFromChevron(event); return false;\" href=\"javascript:;\" title=\"Open Menu\"></a>]]></HTML><HTML><![CDATA[<span>&nbsp;</span>]]></HTML><HTML><![CDATA[</div>]]></HTML></Default></FieldSwitch></DisplayPattern></Field>"]}
"Invoice Number","Customer ID","Customer Name","Subtotal","Taxes","Freight","Total","Invoice Date"
"INV-1001","CUST-001","Omega Partners","$1,586.93","$126.95","$54.17","$1,768.05","2025-08-12T07:00:00Z"
"INV-1002","CUST-002","Sigma Solutions","$4,355.14","$348.41","$75.72","$4,779.27","2025-05-03T07:00:00Z"
"INV-1003","CUST-003","Beta LLC","$1,036.73","$82.94","$98.79","$1,218.46","2025-10-21T07:00:00Z"
"INV-1004","CUST-004","Zeta Group","$2,663.66","$213.09","$79.01","$2,955.76","2025-01-26T08:00:00Z"
"INV-1005","CUST-005","Delta Co","$4,433.23","$354.66","$47.08","$4,834.97","2025-10-21T07:00:00Z"
"INV-1006","CUST-006","Omega Partners","$867.18","$69.37","$21.85","$958.40","2025-10-26T07:00:00Z"
"INV-1007","CUST-007","Lambda Systems","$3,108.45","$248.68","$48.32","$3,405.45","2025-06-05T07:00:00Z"
"INV-1008","CUST-008","Delta Co","$2,667.06","$213.36","$22.83","$2,903.25","2025-09-26T07:00:00Z"
"INV-1009","CUST-009","Epsilon Ltd","$3,350.70","$268.06","$26.30","$3,645.06","2025-10-10T07:00:00Z"
"INV-1010","CUST-010","Epsilon Ltd","$1,985.43","$158.83","$83.30","$2,227.56","2025-05-10T07:00:00Z"
"INV-1011","CUST-011","Theta Enterprises","$4,097.01","$327.76","$34.77","$4,459.54","2025-04-25T07:00:00Z"
"INV-1012","CUST-012","Delta Co","$2,486.38","$198.91","$78.29","$2,763.58","2025-06-05T07:00:00Z"
"INV-1013","CUST-013","Beta LLC","$4,887.07","$390.97","$24.76","$5,302.80","2025-02-06T08:00:00Z"
"INV-1014","CUST-014","Epsilon Ltd","$800.32","$64.03","$62.88","$927.23","2025-06-06T07:00:00Z"
"INV-1015","CUST-015","Epsilon Ltd","$3,886.55","$310.92","$78.27","$4,275.74","2025-04-30T07:00:00Z"
"INV-1016","CUST-016","Delta Co","$1,707.82","$136.63","$33.45","$1,877.90","2025-03-21T07:00:00Z"
"INV-1017","CUST-017","Zeta Group","$2,473.81","$197.90","$33.24","$2,704.95","2025-03-15T07:00:00Z"
"INV-1018","CUST-018","Zeta Group","$3,538.33","$283.07","$27.36","$3,848.76","2025-03-13T07:00:00Z"
"INV-1019","CUST-019","Omega Partners","$3,215.46","$257.24","$84.49","$3,557.19","2025-04-14T07:00:00Z"
"INV-1020","CUST-020","Sigma Solutions","$1,831.59","$146.53","$88.96","$2,067.08","2025-03-28T07:00:00Z"
"INV-1021","CUST-021","Gamma Inc","$3,647.01","$291.76","$71.85","$4,010.62","2025-10-04T07:00:00Z"
"INV-1022","CUST-022","Gamma Inc","$3,340.33","$267.23","$95.14","$3,702.70","2025-01-04T08:00:00Z"
"INV-1023","CUST-023","Delta Co","$3,088.91","$247.11","$81.39","$3,417.41","2025-10-01T07:00:00Z"
"INV-1024","CUST-024","Delta Co","$1,005.31","$80.42","$24.78","$1,110.51","2025-10-09T07:00:00Z"
"INV-1025","CUST-025","Theta Enterprises","$791.38","$63.31","$50.93","$905.62","2025-02-25T08:00:00Z"
"INV-1026","CUST-026","Omega Partners","$3,385.92","$270.87","$47.43","$3,704.22","2025-02-22T08:00:00Z"
"INV-1027","CUST-027","Gamma Inc","$3,760.09","$300.81","$50.79","$4,111.69","2025-04-29T07:00:00Z"
"INV-1028","CUST-028","Beta LLC","$3,559.44","$284.76","$79.22","$3,923.42","2025-07-04T07:00:00Z"
"INV-1029","CUST-029","Beta LLC","$2,050.65","$164.05","$30.40","$2,245.10","2025-05-17T07:00:00Z"
"INV-1030","CUST-030","Omega Partners","$4,122.12","$329.77","$88.90","$4,540.79","2025-09-19T07:00:00Z"
"INV-1031","CUST-031","Zeta Group","$2,551.32","$204.11","$68.67","$2,824.10","2025-06-25T07:00:00Z"
"INV-1032","CUST-032","Gamma Inc","$665.07","$53.21","$99.48","$817.76","2025-09-29T07:00:00Z"
"INV-1033","CUST-033","Sigma Solutions","$3,418.71","$273.50","$87.34","$3,779.55","2025-04-09T07:00:00Z"
"INV-1034","CUST-034","Beta LLC","$2,971.12","$237.69","$71.91","$3,280.72","2025-04-23T07:00:00Z"
"INV-1035","CUST-035","Zeta Group","$4,736.23","$378.90","$91.92","$5,207.05","2025-04-23T07:00:00Z"
"INV-1036","CUST-036","Theta Enterprises","$3,920.24","$313.62","$73.77","$4,307.63","2025-09-07T07:00:00Z"
"INV-1037","CUST-037","Epsilon Ltd","$2,787.20","$222.98","$20.72","$3,030.90","2025-10-20T07:00:00Z"
"INV-1038","CUST-038","Epsilon Ltd","$3,590.37","$287.23","$96.30","$3,973.90","2025-08-10T07:00:00Z"
"INV-1039","CUST-039","Beta LLC","$2,591.03","$207.28","$34.20","$2,832.51","2025-08-25T07:00:00Z"
"INV-1040","CUST-040","Epsilon Ltd","$4,660.39","$372.83","$84.73","$5,117.95","2025-05-16T07:00:00Z"
"INV-1041","CUST-041","Theta Enterprises","$1,593.12","$127.45","$33.10","$1,753.67","2025-01-28T08:00:00Z"
"INV-1042","CUST-042","Zeta Group","$1,847.61","$147.81","$80.27","$2,075.69","2025-01-25T08:00:00Z"
"INV-1043","CUST-043","Theta Enterprises","$3,789.84","$303.19","$30.00","$4,123.03","2025-01-12T08:00:00Z"
"INV-1044","CUST-044","Gamma Inc","$1,338.13","$107.05","$20.73","$1,465.91","2025-03-22T07:00:00Z"
"INV-1045","CUST-045","Omega Partners","$1,280.07","$102.41","$44.30","$1,426.78","2025-01-08T08:00:00Z"
"INV-1046","CUST-046","Delta Co","$4,375.71","$350.06","$83.37","$4,809.14","2025-01-02T08:00:00Z"
"INV-1047","CUST-047","Lambda Systems","$3,849.43","$307.95","$21.80","$4,179.18","2025-04-20T07:00:00Z"
"INV-1048","CUST-048","Epsilon Ltd","$2,104.68","$168.37","$57.51","$2,330.56","2025-09-02T07:00:00Z"
"INV-1049","CUST-049","Beta LLC","$1,646.06","$131.68","$26.39","$1,804.13","2025-02-03T08:00:00Z"
"INV-1050","CUST-050","Lambda Systems","$3,824.04","$305.92","$82.02","$4,211.98","2025-08-07T07:00:00Z"
"INV-1051","CUST-051","Epsilon Ltd","$2,902.32","$232.19","$55.30","$3,189.81","2025-01-12T08:00:00Z"
"INV-1052","CUST-052","Epsilon Ltd","$2,723.74","$217.90","$41.82","$2,983.46","2025-06-17T07:00:00Z"
"INV-1053","CUST-053","Omega Partners","$2,948.24","$235.86","$67.28","$3,251.38","2025-01-29T08:00:00Z"
"INV-1054","CUST-054","Beta LLC","$4,577.04","$366.16","$91.60","$5,034.80","2025-03-19T07:00:00Z"
"INV-1055","CUST-055","Sigma Solutions","$987.00","$78.96","$67.51","$1,133.47","2025-01-08T08:00:00Z"
"INV-1056","CUST-056","Gamma Inc","$2,645.37","$211.63","$86.27","$2,943.27","2025-05-10T07:00:00Z"
"INV-1057","CUST-057","Theta Enterprises","$4,802.01","$384.16","$45.97","$5,232.14","2025-05-20T07:00:00Z"
"INV-1058","CUST-058","Zeta Group","$4,396.17","$351.69","$56.12","$4,803.98","2025-09-23T07:00:00Z"
"INV-1059","CUST-059","Zeta Group","$3,414.82","$273.19","$42.14","$3,730.15","2025-10-24T07:00:00Z"
"INV-1060","CUST-060","Sigma Solutions","$1,194.48","$95.56","$67.41","$1,357.45","2025-03-18T07:00:00Z"
"INV-1061","CUST-061","Lambda Systems","$4,926.29","$394.10","$28.38","$5,348.77","2025-08-22T07:00:00Z"
"INV-1062","CUST-062","Theta Enterprises","$4,696.29","$375.70","$29.19","$5,101.18","2025-01-16T08:00:00Z"
"INV-1063","CUST-063","Gamma Inc","$1,424.60","$113.97","$77.59","$1,616.16","2025-10-20T07:00:00Z"
"INV-1064","CUST-064","Lambda Systems","$3,910.08","$312.81","$45.06","$4,267.95","2025-10-11T07:00:00Z"
"INV-1065","CUST-065","Sigma Solutions","$3,719.79","$297.58","$21.80","$4,039.17","2025-08-10T07:00:00Z"
"INV-1066","CUST-066","Omega Partners","$2,347.38","$187.79","$73.95","$2,609.12","2025-10-02T07:00:00Z"
"INV-1067","CUST-067","Acme Corp","$1,686.69","$134.94","$55.21","$1,876.84","2025-02-20T08:00:00Z"
"INV-1068","CUST-068","Beta LLC","$799.61","$63.97","$88.64","$952.22","2025-03-22T07:00:00Z"
"INV-1069","CUST-069","Epsilon Ltd","$1,900.72","$152.06","$59.75","$2,112.53","2025-07-25T07:00:00Z"
"INV-1070","CUST-070","Sigma Solutions","$4,601.93","$368.15","$25.70","$4,995.78","2025-09-23T07:00:00Z"
"INV-1071","CUST-071","Lambda Systems","$2,053.27","$164.26","$29.97","$2,247.50","2025-08-04T07:00:00Z"
"INV-1072","CUST-072","Beta LLC","$899.38","$71.95","$99.67","$1,071.00","2025-08-17T07:00:00Z"
"INV-1073","CUST-073","Theta Enterprises","$542.27","$43.38","$56.33","$641.98","2025-08-16T07:00:00Z"
"INV-1074","CUST-074","Omega Partners","$3,341.46","$267.32","$59.07","$3,667.85","2025-01-16T08:00:00Z"
"INV-1075","CUST-075","Sigma Solutions","$2,966.62","$237.33","$49.24","$3,253.19","2025-09-11T07:00:00Z"
"INV-1076","CUST-076","Sigma Solutions","$1,142.93","$91.43","$39.26","$1,273.62","2025-10-26T07:00:00Z"
"INV-1077","CUST-077","Lambda Systems","$511.04","$40.88","$27.48","$579.40","2025-04-28T07:00:00Z"
"INV-1078","CUST-078","Acme Corp","$868.12","$69.45","$20.62","$958.19","2025-02-05T08:00:00Z"
"INV-1079","CUST-079","Theta Enterprises","$1,933.90","$154.71","$28.52","$2,117.13","2025-10-24T07:00:00Z"
"INV-1080","CUST-080","Zeta Group","$4,969.66","$397.57","$81.77","$5,449.00","2025-09-14T07:00:00Z"
"INV-1081","CUST-081","Sigma Solutions","$1,217.87","$97.43","$24.25","$1,339.55","2025-01-02T08:00:00Z"
"INV-1082","CUST-082","Sigma Solutions","$1,566.58","$125.33","$83.13","$1,775.04","2025-08-02T07:00:00Z"
"INV-1083","CUST-083","Acme Corp","$1,834.38","$146.75","$89.23","$2,070.36","2025-04-26T07:00:00Z"
"INV-1084","CUST-084","Epsilon Ltd","$1,105.01","$88.40","$96.16","$1,289.57","2025-03-04T08:00:00Z"
"INV-1085","CUST-085","Theta Enterprises","$2,103.74","$168.30","$63.54","$2,335.58","2025-08-20T07:00:00Z"
"INV-1086","CUST-086","Theta Enterprises","$2,853.53","$228.28","$43.27","$3,125.08","2025-06-18T07:00:00Z"
"INV-1087","CUST-087","Omega Partners","$1,774.96","$142.00","$56.98","$1,973.94","2025-09-01T07:00:00Z"
"INV-1088","CUST-088","Epsilon Ltd","$2,628.67","$210.29","$50.43","$2,889.39","2025-06-10T07:00:00Z"
"INV-1089","CUST-089","Lambda Systems","$4,263.52","$341.08","$50.50","$4,655.10","2025-10-16T07:00:00Z"
"INV-1090","CUST-090","Theta Enterprises","$1,192.66","$95.41","$23.59","$1,311.66","2025-06-02T07:00:00Z"
"INV-1091","CUST-091","Delta Co","$739.08","$59.13","$27.36","$825.57","2025-10-25T07:00:00Z"
"INV-1092","CUST-092","Beta LLC","$2,798.20","$223.86","$92.21","$3,114.27","2025-04-16T07:00:00Z"
"INV-1093","CUST-093","Theta Enterprises","$4,457.82","$356.63","$90.69","$4,905.14","2025-06-23T07:00:00Z"
"INV-1094","CUST-094","Theta Enterprises","$4,954.50","$396.36","$62.82","$5,413.68","2025-08-02T07:00:00Z"
"INV-1095","CUST-095","Beta LLC","$1,061.65","$84.93","$74.56","$1,221.14","2025-07-23T07:00:00Z"
"INV-1096","CUST-096","Lambda Systems","$4,888.35","$391.07","$44.75","$5,324.17","2025-10-13T07:00:00Z"
"INV-1097","CUST-097","Omega Partners","$4,211.69","$336.94","$48.02","$4,596.65","2025-02-13T08:00:00Z"
"INV-1098","CUST-098","Omega Partners","$1,279.70","$102.38","$28.64","$1,410.72","2025-03-13T07:00:00Z"
"INV-1099","CUST-099","Delta Co","$4,049.84","$323.99","$89.21","$4,463.04","2025-02-23T08:00:00Z"
"INV-1100","CUST-100","Delta Co","$3,751.13","$300.09","$80.66","$4,131.88","2025-07-17T07:00:00Z"
"INV-1101","CUST-101","Lambda Systems","$544.77","$43.58","$96.12","$684.47","2025-03-29T07:00:00Z"
"INV-1102","CUST-102","Acme Corp","$854.20","$68.34","$28.05","$950.59","2025-10-14T07:00:00Z"
"INV-1103","CUST-103","Acme Corp","$1,806.82","$144.55","$59.97","$2,011.34","2025-02-07T08:00:00Z"
"INV-1104","CUST-104","Sigma Solutions","$4,869.00","$389.52","$89.45","$5,347.97","2025-06-25T07:00:00Z"
"INV-1105","CUST-105","Sigma Solutions","$4,978.70","$398.30","$20.08","$5,397.08","2025-09-23T07:00:00Z"
"INV-1106","CUST-106","Epsilon Ltd","$4,521.09","$361.69","$81.25","$4,964.03","2025-08-27T07:00:00Z"
"INV-1107","CUST-107","Zeta Group","$2,339.40","$187.15","$54.17","$2,580.72","2025-06-13T07:00:00Z"
"INV-1108","CUST-108","Sigma Solutions","$1,059.79","$84.78","$87.46","$1,232.03","2025-08-21T07:00:00Z"
"INV-1109","CUST-109","Sigma Solutions","$3,987.61","$319.01","$31.32","$4,337.94","2025-07-12T07:00:00Z"
"INV-1110","CUST-110","Acme Corp","$2,437.01","$194.96","$51.46","$2,683.43","2025-01-16T08:00:00Z"
"INV-1111","CUST-111","Epsilon Ltd","$4,188.06","$335.04","$36.74","$4,559.84","2025-04-22T07:00:00Z"
"INV-1112","CUST-112","Omega Partners","$1,864.80","$149.18","$96.42","$2,110.40","2025-04-15T07:00:00Z"
"INV-1113","CUST-113","Zeta Group","$3,962.13","$316.97","$29.94","$4,309.04","2025-03-27T07:00:00Z"
"INV-1114","CUST-114","Gamma Inc","$3,739.03","$299.12","$68.48","$4,106.63","2025-06-04T07:00:00Z"
"INV-1115","CUST-115","Epsilon Ltd","$4,337.22","$346.98","$35.65","$4,719.85","2025-06-06T07:00:00Z"
"INV-1116","CUST-116","Zeta Group","$3,157.81","$252.62","$69.77","$3,480.20","2025-08-06T07:00:00Z"
"INV-1117","CUST-117","Zeta Group","$1,615.31","$129.22","$68.76","$1,813.29","2025-02-13T08:00:00Z"
"INV-1118","CUST-118","Beta LLC","$3,922.82","$313.83","$71.22","$4,307.87","2025-08-08T07:00:00Z"
"INV-1119","CUST-119","Theta Enterprises","$3,686.29","$294.90","$61.77","$4,042.96","2025-06-29T07:00:00Z"
"INV-1120","CUST-120","Epsilon Ltd","$2,299.25","$183.94","$69.23","$2,552.42","2025-06-08T07:00:00Z"
"INV-1121","CUST-121","Gamma Inc","$2,642.03","$211.36","$94.01","$2,947.40","2025-06-14T07:00:00Z"
"INV-1122","CUST-122","Sigma Solutions","$925.28","$74.02","$78.49","$1,077.79","2025-03-28T07:00:00Z"
"INV-1123","CUST-123","Zeta Group","$3,689.53","$295.16","$64.61","$4,049.30","2025-09-20T07:00:00Z"
"INV-1124","CUST-124","Epsilon Ltd","$3,837.88","$307.03","$32.17","$4,177.08","2025-01-14T08:00:00Z"
"INV-1125","CUST-125","Delta Co","$4,616.49","$369.32","$26.93","$5,012.74","2025-09-20T07:00:00Z"
"INV-1126","CUST-126","Lambda Systems","$4,815.77","$385.26","$22.45","$5,223.48","2025-04-01T07:00:00Z"
"INV-1127","CUST-127","Acme Corp","$3,883.12","$310.65","$75.65","$4,269.42","2025-07-30T07:00:00Z"
"INV-1128","CUST-128","Delta Co","$1,119.99","$89.60","$47.14","$1,256.73","2025-10-30T07:00:00Z"
"INV-1129","CUST-129","Sigma Solutions","$3,375.09","$270.01","$97.87","$3,742.97","2025-06-29T07:00:00Z"
"INV-1130","CUST-130","Beta LLC","$3,502.04","$280.16","$30.18","$3,812.38","2025-08-08T07:00:00Z"
"INV-1131","CUST-131","Epsilon Ltd","$1,081.21","$86.50","$68.35","$1,236.06","2025-09-24T07:00:00Z"
"INV-1132","CUST-132","Theta Enterprises","$2,683.71","$214.70","$76.65","$2,975.06","2025-02-20T08:00:00Z"
"INV-1133","CUST-133","Zeta Group","$3,458.79","$276.70","$23.37","$3,758.86","2025-10-07T07:00:00Z"
"INV-1134","CUST-134","Theta Enterprises","$3,455.81","$276.46","$94.49","$3,826.76","2025-03-24T07:00:00Z"
"INV-1135","CUST-135","Sigma Solutions","$4,272.68","$341.81","$58.82","$4,673.31","2025-02-08T08:00:00Z"
"INV-1136","CUST-136","Omega Partners","$3,418.98","$273.52","$23.71","$3,716.21","2025-01-02T08:00:00Z"
"INV-1137","CUST-137","Delta Co","$4,967.36","$397.39","$66.86","$5,431.61","2025-05-10T07:00:00Z"
"INV-1138","CUST-138","Theta Enterprises","$1,409.51","$112.76","$74.43","$1,596.70","2025-06-26T07:00:00Z"
"INV-1139","CUST-139","Zeta Group","$2,462.53","$197.00","$80.62","$2,740.15","2025-08-05T07:00:00Z"
"INV-1140","CUST-140","Delta Co","$4,238.06","$339.04","$64.80","$4,641.90","2025-02-21T08:00:00Z"
"INV-1141","CUST-141","Sigma Solutions","$1,917.82","$153.43","$87.33","$2,158.58","2025-08-03T07:00:00Z"
"INV-1142","CUST-142","Lambda Systems","$2,943.73","$235.50","$38.13","$3,217.36","2025-07-29T07:00:00Z"
"INV-1143","CUST-143","Gamma Inc","$2,652.04","$212.16","$82.98","$2,947.18","2025-10-21T07:00:00Z"
"INV-1144","CUST-144","Acme Corp","$842.32","$67.39","$23.16","$932.87","2025-01-10T08:00:00Z"
"INV-1145","CUST-145","Zeta Group","$4,287.24","$342.98","$43.71","$4,673.93","2025-01-25T08:00:00Z"
"INV-1146","CUST-146","Sigma Solutions","$658.44","$52.68","$23.29","$734.41","2025-07-14T07:00:00Z"
"INV-1147","CUST-147","Zeta Group","$857.32","$68.59","$93.90","$1,019.81","2025-06-12T07:00:00Z"
"INV-1148","CUST-148","Omega Partners","$1,098.57","$87.89","$50.65","$1,237.11","2025-05-31T07:00:00Z"
"INV-1149","CUST-149","Zeta Group","$1,446.45","$115.72","$25.24","$1,587.41","2025-05-04T07:00:00Z"
"INV-1150","CUST-150","Acme Corp","$3,058.02","$244.64","$62.52","$3,365.18","2025-06-02T07:00:00Z"
"INV-1151","CUST-151","Gamma Inc","$3,985.93","$318.87","$70.54","$4,375.34","2025-03-22T07:00:00Z"
"INV-1152","CUST-152","Epsilon Ltd","$2,816.00","$225.28","$44.72","$3,086.00","2025-04-25T07:00:00Z"
"INV-1153","CUST-153","Delta Co","$1,337.47","$107.00","$92.73","$1,537.20","2025-07-27T07:00:00Z"
"INV-1154","CUST-154","Theta Enterprises","$661.84","$52.95","$69.86","$784.65","2025-01-30T08:00:00Z"
"INV-1155","CUST-155","Zeta Group","$4,633.16","$370.65","$57.82","$5,061.63","2025-07-28T07:00:00Z"
"INV-1156","CUST-156","Lambda Systems","$3,180.77","$254.46","$56.28","$3,491.51","2025-07-07T07:00:00Z"
"INV-1157","CUST-157","Epsilon Ltd","$2,841.18","$227.29","$27.21","$3,095.68","2025-05-27T07:00:00Z"
"INV-1158","CUST-158","Sigma Solutions","$4,472.63","$357.81","$49.13","$4,879.57","2025-04-15T07:00:00Z"
"INV-1159","CUST-159","Epsilon Ltd","$4,948.18","$395.85","$63.90","$5,407.93","2025-08-04T07:00:00Z"
"INV-1160","CUST-160","Theta Enterprises","$1,860.24","$148.82","$44.73","$2,053.79","2025-10-24T07:00:00Z"
"INV-1161","CUST-161","Omega Partners","$2,032.28","$162.58","$40.63","$2,235.49","2025-01-28T08:00:00Z"
"INV-1162","CUST-162","Epsilon Ltd","$1,993.00","$159.44","$91.89","$2,244.33","2025-08-17T07:00:00Z"
"INV-1163","CUST-163","Omega Partners","$4,644.02","$371.52","$59.83","$5,075.37","2025-03-21T07:00:00Z"
"INV-1164","CUST-164","Delta Co","$1,638.35","$131.07","$57.81","$1,827.23","2025-01-05T08:00:00Z"
"INV-1165","CUST-165","Beta LLC","$1,000.89","$80.07","$35.07","$1,116.03","2025-02-10T08:00:00Z"
"INV-1166","CUST-166","Theta Enterprises","$4,935.60","$394.85","$53.26","$5,383.71","2025-01-05T08:00:00Z"
"INV-1167","CUST-167","Beta LLC","$2,447.53","$195.80","$69.77","$2,713.10","2025-05-27T07:00:00Z"
"INV-1168","CUST-168","Beta LLC","$4,184.49","$334.76","$55.21","$4,574.46","2025-06-15T07:00:00Z"
"INV-1169","CUST-169","Omega Partners","$949.86","$75.99","$62.16","$1,088.01","2025-09-03T07:00:00Z"
"INV-1170","CUST-170","Delta Co","$833.70","$66.70","$37.73","$938.13","2025-10-12T07:00:00Z"
"INV-1171","CUST-171","Gamma Inc","$3,577.55","$286.20","$77.02","$3,940.77","2025-06-07T07:00:00Z"
"INV-1172","CUST-172","Lambda Systems","$2,219.23","$177.54","$21.89","$2,418.66","2025-03-09T08:00:00Z"
"INV-1173","CUST-173","Sigma Solutions","$1,886.00","$150.88","$47.47","$2,084.35","2025-04-03T07:00:00Z"
"INV-1174","CUST-174","Acme Corp","$648.88","$51.91","$80.73","$781.52","2025-10-24T07:00:00Z"
"INV-1175","CUST-175","Epsilon Ltd","$3,228.85","$258.31","$73.21","$3,560.37","2025-03-21T07:00:00Z"
"INV-1176","CUST-176","Delta Co","$3,542.94","$283.44","$79.31","$3,905.69","2025-09-15T07:00:00Z"
"INV-1177","CUST-177","Gamma Inc","$1,144.40","$91.55","$74.22","$1,310.17","2025-10-27T07:00:00Z"
"INV-1178","CUST-178","Epsilon Ltd","$708.25","$56.66","$26.96","$791.87","2025-08-28T07:00:00Z"
"INV-1179","CUST-179","Omega Partners","$860.27","$68.82","$79.17","$1,008.26","2025-03-03T08:00:00Z"
"INV-1180","CUST-180","Acme Corp","$595.41","$47.63","$69.09","$712.13","2025-01-12T08:00:00Z"
"INV-1181","CUST-181","Epsilon Ltd","$1,171.67","$93.73","$70.96","$1,336.36","2025-01-18T08:00:00Z"
"INV-1182","CUST-182","Beta LLC","$4,489.35","$359.15","$36.01","$4,884.51","2025-08-29T07:00:00Z"
"INV-1183","CUST-183","Beta LLC","$978.40","$78.27","$46.59","$1,103.26","2025-09-03T07:00:00Z"
"INV-1184","CUST-184","Lambda Systems","$2,954.24","$236.34","$42.46","$3,233.04","2025-01-14T08:00:00Z"
"INV-1185","CUST-185","Epsilon Ltd","$2,241.60","$179.33","$92.14","$2,513.07","2025-07-07T07:00:00Z"
"INV-1186","CUST-186","Gamma Inc","$3,203.01","$256.24","$61.62","$3,520.87","2025-08-02T07:00:00Z"
"INV-1187","CUST-187","Sigma Solutions","$1,080.12","$86.41","$63.97","$1,230.50","2025-08-16T07:00:00Z"
"INV-1188","CUST-188","Omega Partners","$4,032.51","$322.60","$43.56","$4,398.67","2025-08-11T07:00:00Z"
"INV-1189","CUST-189","Acme Corp","$4,644.36","$371.55","$99.38","$5,115.29","2025-07-10T07:00:00Z"
"INV-1190","CUST-190","Theta Enterprises","$4,279.95","$342.40","$94.12","$4,716.47","2025-07-31T07:00:00Z"
"INV-1191","CUST-191","Epsilon Ltd","$1,846.01","$147.68","$89.74","$2,083.43","2025-04-08T07:00:00Z"
"INV-1192","CUST-192","Lambda Systems","$4,649.03","$371.92","$89.67","$5,110.62","2025-04-12T07:00:00Z"
"INV-1193","CUST-193","Sigma Solutions","$2,522.84","$201.83","$31.28","$2,755.95","2025-10-15T07:00:00Z"
"INV-1194","CUST-194","Acme Corp","$1,771.14","$141.69","$70.88","$1,983.71","2025-04-11T07:00:00Z"
"INV-1195","CUST-195","Gamma Inc","$1,697.43","$135.79","$76.54","$1,909.76","2025-10-03T07:00:00Z"
"INV-1196","CUST-196","Lambda Systems","$2,233.59","$178.69","$93.69","$2,505.97","2025-01-28T08:00:00Z"
"INV-1197","CUST-197","Sigma Solutions","$1,214.83","$97.19","$82.29","$1,394.31","2025-05-08T07:00:00Z"
"INV-1198","CUST-198","Lambda Systems","$1,922.19","$153.78","$67.72","$2,143.69","2025-04-03T07:00:00Z"
"INV-1199","CUST-199","Delta Co","$4,002.79","$320.22","$29.76","$4,352.77","2025-02-05T08:00:00Z"
"INV-1200","CUST-200","Gamma Inc","$1,609.50","$128.76","$34.48","$1,772.74","2025-02-22T08:00:00Z"
"INV-1201","CUST-201","Delta Co","$942.69","$75.42","$49.31","$1,067.42","2025-09-18T07:00:00Z"
"INV-1202","CUST-202","Gamma Inc","$4,274.81","$341.98","$44.11","$4,660.90","2025-05-02T07:00:00Z"
"INV-1203","CUST-203","Gamma Inc","$3,224.95","$258.00","$70.08","$3,553.03","2025-05-30T07:00:00Z"
"INV-1204","CUST-204","Acme Corp","$1,993.44","$159.48","$23.89","$2,176.81","2025-07-05T07:00:00Z"
"INV-1205","CUST-205","Beta LLC","$1,966.38","$157.31","$53.63","$2,177.32","2025-04-26T07:00:00Z"
"INV-1206","CUST-206","Theta Enterprises","$626.33","$50.11","$43.64","$720.08","2025-10-29T07:00:00Z"
"INV-1207","CUST-207","Gamma Inc","$4,622.44","$369.80","$78.93","$5,071.17","2025-01-15T08:00:00Z"
"INV-1208","CUST-208","Theta Enterprises","$3,291.04","$263.28","$21.33","$3,575.65","2025-07-29T07:00:00Z"
"INV-1209","CUST-209","Lambda Systems","$1,741.37","$139.31","$40.36","$1,921.04","2025-03-24T07:00:00Z"
"INV-1210","CUST-210","Zeta Group","$3,055.67","$244.45","$99.49","$3,399.61","2025-06-21T07:00:00Z"
"INV-1211","CUST-211","Delta Co","$3,834.73","$306.78","$25.53","$4,167.04","2025-07-29T07:00:00Z"
"INV-1212","CUST-212","Delta Co","$3,140.22","$251.22","$39.14","$3,430.58","2025-03-17T07:00:00Z"
"INV-1213","CUST-213","Sigma Solutions","$1,496.67","$119.73","$28.57","$1,644.97","2025-09-27T07:00:00Z"
"INV-1214","CUST-214","Theta Enterprises","$3,517.60","$281.41","$33.52","$3,832.53","2025-05-10T07:00:00Z"
"INV-1215","CUST-215","Delta Co","$2,836.49","$226.92","$46.98","$3,110.39","2025-01-06T08:00:00Z"
"INV-1216","CUST-216","Acme Corp","$2,176.47","$174.12","$48.73","$2,399.32","2025-04-24T07:00:00Z"
"INV-1217","CUST-217","Omega Partners","$1,811.67","$144.93","$44.55","$2,001.15","2025-09-13T07:00:00Z"
"INV-1218","CUST-218","Theta Enterprises","$2,270.51","$181.64","$73.17","$2,525.32","2025-09-30T07:00:00Z"
"INV-1219","CUST-219","Epsilon Ltd","$4,233.53","$338.68","$70.54","$4,642.75","2025-02-04T08:00:00Z"
"INV-1220","CUST-220","Delta Co","$3,343.22","$267.46","$98.73","$3,709.41","2025-09-10T07:00:00Z"
"INV-1221","CUST-221","Beta LLC","$3,783.19","$302.66","$89.04","$4,174.89","2025-04-09T07:00:00Z"
"INV-1222","CUST-222","Beta LLC","$4,435.15","$354.81","$61.90","$4,851.86","2025-08-30T07:00:00Z"
"INV-1223","CUST-223","Acme Corp","$2,529.00","$202.32","$80.66","$2,811.98","2025-08-11T07:00:00Z"
"INV-1224","CUST-224","Delta Co","$2,568.61","$205.49","$69.28","$2,843.38","2025-03-10T07:00:00Z"
"INV-1225","CUST-225","Sigma Solutions","$4,884.44","$390.76","$44.29","$5,319.49","2025-10-07T07:00:00Z"
"INV-1226","CUST-226","Delta Co","$1,084.89","$86.79","$52.08","$1,223.76","2025-03-13T07:00:00Z"
"INV-1227","CUST-227","Delta Co","$2,782.75","$222.62","$28.44","$3,033.81","2025-10-31T07:00:00Z"
"INV-1228","CUST-228","Delta Co","$672.66","$53.81","$39.14","$765.61","2025-08-15T07:00:00Z"
"INV-1229","CUST-229","Beta LLC","$2,098.44","$167.88","$43.26","$2,309.58","2025-03-05T08:00:00Z"
"INV-1230","CUST-230","Acme Corp","$1,131.49","$90.52","$36.27","$1,258.28","2025-06-05T07:00:00Z"
"INV-1231","CUST-231","Zeta Group","$3,464.15","$277.13","$42.53","$3,783.81","2025-05-23T07:00:00Z"
"INV-1232","CUST-232","Delta Co","$2,856.98","$228.56","$29.76","$3,115.30","2025-04-11T07:00:00Z"
"INV-1233","CUST-233","Epsilon Ltd","$2,086.17","$166.89","$28.81","$2,281.87","2025-07-12T07:00:00Z"
"INV-1234","CUST-234","Zeta Group","$2,559.33","$204.75","$21.77","$2,785.85","2025-08-10T07:00:00Z"
"INV-1235","CUST-235","Gamma Inc","$3,016.37","$241.31","$49.17","$3,306.85","2025-08-28T07:00:00Z"
"INV-1236","CUST-236","Acme Corp","$939.81","$75.18","$74.30","$1,089.29","2025-09-03T07:00:00Z"
"INV-1237","CUST-237","Zeta Group","$3,709.29","$296.74","$61.68","$4,067.71","2025-01-09T08:00:00Z"
"INV-1238","CUST-238","Acme Corp","$1,057.67","$84.61","$70.26","$1,212.54","2025-07-21T07:00:00Z"
"INV-1239","CUST-239","Gamma Inc","$1,770.21","$141.62","$25.44","$1,937.27","2025-09-08T07:00:00Z"
"INV-1240","CUST-240","Gamma Inc","$637.17","$50.97","$84.90","$773.04","2025-10-16T07:00:00Z"
"INV-1241","CUST-241","Delta Co","$3,476.67","$278.13","$27.39","$3,782.19","2025-10-27T07:00:00Z"
"INV-1242","CUST-242","Lambda Systems","$4,694.82","$375.59","$44.91","$5,115.32","2025-02-26T08:00:00Z"
"INV-1243","CUST-243","Omega Partners","$2,150.06","$172.00","$74.24","$2,396.30","2025-08-27T07:00:00Z"
"INV-1244","CUST-244","Zeta Group","$3,922.07","$313.77","$53.67","$4,289.51","2025-10-20T07:00:00Z"
"INV-1245","CUST-245","Delta Co","$2,892.72","$231.42","$55.62","$3,179.76","2025-08-09T07:00:00Z"
"INV-1246","CUST-246","Theta Enterprises","$4,445.88","$355.67","$32.44","$4,833.99","2025-07-30T07:00:00Z"
"INV-1247","CUST-247","Beta LLC","$2,551.00","$204.08","$31.20","$2,786.28","2025-08-23T07:00:00Z"
"INV-1248","CUST-248","Delta Co","$2,759.28","$220.74","$55.30","$3,035.32","2025-10-30T07:00:00Z"
"INV-1249","CUST-249","Sigma Solutions","$769.94","$61.60","$54.96","$886.50","2025-01-19T08:00:00Z"
"INV-1250","CUST-250","Theta Enterprises","$1,468.26","$117.46","$55.03","$1,640.75","2025-07-17T07:00:00Z"
"INV-1251","CUST-251","Theta Enterprises","$644.44","$51.56","$74.16","$770.16","2025-08-31T07:00:00Z"
"INV-1252","CUST-252","Sigma Solutions","$979.50","$78.36","$53.64","$1,111.50","2025-02-02T08:00:00Z"
"INV-1253","CUST-253","Sigma Solutions","$1,618.81","$129.50","$69.78","$1,818.09","2025-04-08T07:00:00Z"
"INV-1254","CUST-254","Epsilon Ltd","$2,331.37","$186.51","$34.11","$2,551.99","2025-05-21T07:00:00Z"
"INV-1255","CUST-255","Lambda Systems","$3,232.96","$258.64","$76.82","$3,568.42","2025-04-04T07:00:00Z"
"INV-1256","CUST-256","Beta LLC","$4,772.03","$381.76","$76.90","$5,230.69","2025-05-05T07:00:00Z"
"INV-1257","CUST-257","Zeta Group","$2,431.19","$194.50","$83.96","$2,709.65","2025-03-25T07:00:00Z"
"INV-1258","CUST-258","Omega Partners","$1,326.50","$106.12","$87.94","$1,520.56","2025-03-24T07:00:00Z"
"INV-1259","CUST-259","Zeta Group","$2,443.61","$195.49","$32.11","$2,671.21","2025-02-15T08:00:00Z"
"INV-1260","CUST-260","Acme Corp","$1,567.67","$125.41","$97.03","$1,790.11","2025-05-27T07:00:00Z"
"INV-1261","CUST-261","Beta LLC","$952.00","$76.16","$31.08","$1,059.24","2025-07-26T07:00:00Z"
"INV-1262","CUST-262","Lambda Systems","$1,887.75","$151.02","$89.52","$2,128.29","2025-03-25T07:00:00Z"
"INV-1263","CUST-263","Epsilon Ltd","$2,780.65","$222.45","$92.17","$3,095.27","2025-10-01T07:00:00Z"
"INV-1264","CUST-264","Epsilon Ltd","$4,210.31","$336.82","$93.79","$4,640.92","2025-07-03T07:00:00Z"
"INV-1265","CUST-265","Gamma Inc","$2,806.96","$224.56","$82.90","$3,114.42","2025-07-30T07:00:00Z"
"INV-1266","CUST-266","Zeta Group","$1,987.62","$159.01","$100.00","$2,246.63","2025-08-15T07:00:00Z"
"INV-1267","CUST-267","Zeta Group","$4,551.91","$364.15","$75.63","$4,991.69","2025-07-09T07:00:00Z"
"INV-1268","CUST-268","Theta Enterprises","$4,963.58","$397.09","$69.80","$5,430.47","2025-05-07T07:00:00Z"
"INV-1269","CUST-269","Epsilon Ltd","$2,250.39","$180.03","$33.03","$2,463.45","2025-08-17T07:00:00Z"
"INV-1270","CUST-270","Lambda Systems","$2,687.35","$214.99","$23.66","$2,926.00","2025-04-11T07:00:00Z"
"INV-1271","CUST-271","Acme Corp","$1,933.06","$154.64","$64.22","$2,151.92","2025-07-21T07:00:00Z"
"INV-1272","CUST-272","Sigma Solutions","$2,870.61","$229.65","$86.12","$3,186.38","2025-04-23T07:00:00Z"
"INV-1273","CUST-273","Sigma Solutions","$2,867.67","$229.41","$47.77","$3,144.85","2025-01-30T08:00:00Z"
"INV-1274","CUST-274","Zeta Group","$4,644.25","$371.54","$50.87","$5,066.66","2025-01-18T08:00:00Z"
"INV-1275","CUST-275","Gamma Inc","$2,173.43","$173.87","$55.51","$2,402.81","2025-03-25T07:00:00Z"
"INV-1276","CUST-276","Omega Partners","$2,880.61","$230.45","$95.40","$3,206.46","2025-10-02T07:00:00Z"
"INV-1277","CUST-277","Epsilon Ltd","$3,029.84","$242.39","$97.61","$3,369.84","2025-10-21T07:00:00Z"
"INV-1278","CUST-278","Beta LLC","$3,832.84","$306.63","$29.57","$4,169.04","2025-01-25T08:00:00Z"
"INV-1279","CUST-279","Delta Co","$1,779.78","$142.38","$22.95","$1,945.11","2025-08-14T07:00:00Z"
"INV-1280","CUST-280","Lambda Systems","$2,920.02","$233.60","$30.24","$3,183.86","2025-06-21T07:00:00Z"
"INV-1281","CUST-281","Theta Enterprises","$1,731.10","$138.49","$49.76","$1,919.35","2025-10-29T07:00:00Z"
"INV-1282","CUST-282","Sigma Solutions","$2,297.66","$183.81","$28.76","$2,510.23","2025-05-23T07:00:00Z"
"INV-1283","CUST-283","Sigma Solutions","$605.76","$48.46","$56.17","$710.39","2025-05-18T07:00:00Z"
"INV-1284","CUST-284","Gamma Inc","$1,252.91","$100.23","$28.13","$1,381.27","2025-07-17T07:00:00Z"
"INV-1285","CUST-285","Theta Enterprises","$3,659.89","$292.79","$65.09","$4,017.77","2025-06-16T07:00:00Z"
"INV-1286","CUST-286","Beta LLC","$2,718.09","$217.45","$73.42","$3,008.96","2025-06-09T07:00:00Z"
"INV-1287","CUST-287","Beta LLC","$1,089.76","$87.18","$76.66","$1,253.60","2025-08-11T07:00:00Z"
"INV-1288","CUST-288","Omega Partners","$782.06","$62.56","$59.80","$904.42","2025-09-21T07:00:00Z"
"INV-1289","CUST-289","Gamma Inc","$4,110.37","$328.83","$86.41","$4,525.61","2025-06-21T07:00:00Z"
"INV-1290","CUST-290","Theta Enterprises","$1,409.92","$112.79","$65.80","$1,588.51","2025-01-20T08:00:00Z"
"INV-1291","CUST-291","Acme Corp","$4,855.72","$388.46","$90.60","$5,334.78","2025-10-21T07:00:00Z"
"INV-1292","CUST-292","Delta Co","$678.08","$54.25","$60.14","$792.47","2025-09-13T07:00:00Z"
"INV-1293","CUST-293","Beta LLC","$1,954.56","$156.36","$33.47","$2,144.39","2025-10-29T07:00:00Z"
"INV-1294","CUST-294","Lambda Systems","$1,570.34","$125.63","$99.75","$1,795.72","2025-09-16T07:00:00Z"
"INV-1295","CUST-295","Sigma Solutions","$4,557.60","$364.61","$46.53","$4,968.74","2025-07-20T07:00:00Z"
"INV-1296","CUST-296","Theta Enterprises","$869.57","$69.57","$37.11","$976.25","2025-04-04T07:00:00Z"
"INV-1297","CUST-297","Theta Enterprises","$4,321.08","$345.69","$97.53","$4,764.30","2025-04-21T07:00:00Z"
"INV-1298","CUST-298","Acme Corp","$1,573.43","$125.87","$21.34","$1,720.64","2025-10-03T07:00:00Z"
"INV-1299","CUST-299","Zeta Group","$3,604.84","$288.39","$44.71","$3,937.94","2025-07-01T07:00:00Z"
"INV-1300","CUST-300","Gamma Inc","$2,206.26","$176.50","$69.84","$2,452.60","2025-03-03T08:00:00Z"
"INV-1301","CUST-301","Sigma Solutions","$1,218.05","$97.44","$91.90","$1,407.39","2025-02-17T08:00:00Z"
"INV-1302","CUST-302","Omega Partners","$3,958.73","$316.70","$56.30","$4,331.73","2025-02-19T08:00:00Z"
"INV-1303","CUST-303","Beta LLC","$2,794.27","$223.54","$25.70","$3,043.51","2025-07-19T07:00:00Z"
"INV-1304","CUST-304","Gamma Inc","$1,087.21","$86.98","$47.28","$1,221.47","2025-04-02T07:00:00Z"
"INV-1305","CUST-305","Epsilon Ltd","$4,268.85","$341.51","$74.14","$4,684.50","2025-09-11T07:00:00Z"
"INV-1306","CUST-306","Omega Partners","$3,341.57","$267.33","$91.65","$3,700.55","2025-10-22T07:00:00Z"
"INV-1307","CUST-307","Lambda Systems","$509.53","$40.76","$66.62","$616.91","2025-03-05T08:00:00Z"
"INV-1308","CUST-308","Gamma Inc","$1,640.47","$131.24","$91.12","$1,862.83","2025-01-14T08:00:00Z"
"INV-1309","CUST-309","Theta Enterprises","$4,940.99","$395.28","$31.35","$5,367.62","2025-08-12T07:00:00Z"
"INV-1310","CUST-310","Acme Corp","$3,615.48","$289.24","$95.95","$4,000.67","2025-03-13T07:00:00Z"
"INV-1311","CUST-311","Gamma Inc","$605.33","$48.43","$71.50","$725.26","2025-02-03T08:00:00Z"
"INV-1312","CUST-312","Gamma Inc","$3,826.81","$306.14","$69.72","$4,202.67","2025-09-08T07:00:00Z"
"INV-1313","CUST-313","Delta Co","$4,725.83","$378.07","$97.13","$5,201.03","2025-06-20T07:00:00Z"
"INV-1314","CUST-314","Delta Co","$555.75","$44.46","$35.68","$635.89","2025-07-26T07:00:00Z"
"INV-1315","CUST-315","Epsilon Ltd","$1,344.05","$107.52","$62.57","$1,514.14","2025-05-06T07:00:00Z"
"INV-1316","CUST-316","Zeta Group","$2,483.35","$198.67","$84.76","$2,766.78","2025-10-05T07:00:00Z"
"INV-1317","CUST-317","Acme Corp","$1,731.46","$138.52","$37.60","$1,907.58","2025-03-08T08:00:00Z"
"INV-1318","CUST-318","Sigma Solutions","$1,605.17","$128.41","$96.55","$1,830.13","2025-02-09T08:00:00Z"
"INV-1319","CUST-319","Epsilon Ltd","$1,727.71","$138.22","$39.69","$1,905.62","2025-09-08T07:00:00Z"
"INV-1320","CUST-320","Delta Co","$1,779.14","$142.33","$68.48","$1,989.95","2025-08-18T07:00:00Z"
"INV-1321","CUST-321","Beta LLC","$3,786.83","$302.95","$44.03","$4,133.81","2025-04-25T07:00:00Z"
"INV-1322","CUST-322","Omega Partners","$1,191.73","$95.34","$74.34","$1,361.41","2025-06-27T07:00:00Z"
"INV-1323","CUST-323","Theta Enterprises","$1,987.12","$158.97","$28.11","$2,174.20","2025-01-31T08:00:00Z"
"INV-1324","CUST-324","Acme Corp","$2,148.94","$171.92","$78.76","$2,399.62","2025-03-17T07:00:00Z"
"INV-1325","CUST-325","Lambda Systems","$4,980.45","$398.44","$29.84","$5,408.73","2025-07-31T07:00:00Z"
"INV-1326","CUST-326","Omega Partners","$3,549.82","$283.99","$80.11","$3,913.92","2025-05-24T07:00:00Z"
"INV-1327","CUST-327","Omega Partners","$911.25","$72.90","$88.32","$1,072.47","2025-05-14T07:00:00Z"
"INV-1328","CUST-328","Sigma Solutions","$1,502.71","$120.22","$61.05","$1,683.98","2025-06-18T07:00:00Z"
"INV-1329","CUST-329","Acme Corp","$2,504.39","$200.35","$84.40","$2,789.14","2025-03-10T07:00:00Z"
"INV-1330","CUST-330","Acme Corp","$618.55","$49.48","$29.05","$697.08","2025-08-01T07:00:00Z"
"INV-1331","CUST-331","Delta Co","$2,589.72","$207.18","$53.61","$2,850.51","2025-07-21T07:00:00Z"
"INV-1332","CUST-332","Acme Corp","$4,122.81","$329.82","$20.53","$4,473.16","2025-06-26T07:00:00Z"
"INV-1333","CUST-333","Zeta Group","$2,865.11","$229.21","$20.93","$3,115.25","2025-04-07T07:00:00Z"
"INV-1334","CUST-334","Beta LLC","$794.12","$63.53","$87.06","$944.71","2025-08-24T07:00:00Z"
"INV-1335","CUST-335","Zeta Group","$3,908.25","$312.66","$63.17","$4,284.08","2025-10-11T07:00:00Z"
"INV-1336","CUST-336","Lambda Systems","$2,884.38","$230.75","$35.05","$3,150.18","2025-10-24T07:00:00Z"
"INV-1337","CUST-337","Zeta Group","$2,434.70","$194.78","$83.95","$2,713.43","2025-01-03T08:00:00Z"
"INV-1338","CUST-338","Omega Partners","$3,504.39","$280.35","$95.65","$3,880.39","2025-02-17T08:00:00Z"
"INV-1339","CUST-339","Beta LLC","$1,793.28","$143.46","$96.02","$2,032.76","2025-03-07T08:00:00Z"
"INV-1340","CUST-340","Beta LLC","$2,386.12","$190.89","$46.64","$2,623.65","2025-10-04T07:00:00Z"
"INV-1341","CUST-341","Sigma Solutions","$4,618.43","$369.47","$57.80","$5,045.70","2025-03-31T07:00:00Z"
"INV-1342","CUST-342","Epsilon Ltd","$4,774.78","$381.98","$45.88","$5,202.64","2025-10-09T07:00:00Z"
"INV-1343","CUST-343","Gamma Inc","$4,715.05","$377.20","$50.58","$5,142.83","2025-05-12T07:00:00Z"
"INV-1344","CUST-344","Theta Enterprises","$2,812.26","$224.98","$70.80","$3,108.04","2025-02-05T08:00:00Z"
"INV-1345","CUST-345","Omega Partners","$882.20","$70.58","$41.97","$994.75","2025-06-30T07:00:00Z"
"INV-1346","CUST-346","Zeta Group","$3,608.19","$288.66","$30.37","$3,927.22","2025-08-03T07:00:00Z"
"INV-1347","CUST-347","Acme Corp","$4,895.99","$391.68","$71.41","$5,359.08","2025-05-25T07:00:00Z"
"INV-1348","CUST-348","Sigma Solutions","$764.80","$61.18","$56.82","$882.80","2025-06-24T07:00:00Z"
"INV-1349","CUST-349","Zeta Group","$763.44","$61.08","$83.30","$907.82","2025-03-10T07:00:00Z"
"INV-1350","CUST-350","Omega Partners","$1,955.91","$156.47","$53.01","$2,165.39","2025-06-16T07:00:00Z"
"INV-1351","CUST-351","Epsilon Ltd","$2,454.29","$196.34","$52.57","$2,703.20","2025-10-19T07:00:00Z"
"INV-1352","CUST-352","Beta LLC","$4,169.15","$333.53","$89.37","$4,592.05","2025-08-08T07:00:00Z"
"INV-1353","CUST-353","Acme Corp","$3,557.45","$284.60","$21.13","$3,863.18","2025-03-06T08:00:00Z"
"INV-1354","CUST-354","Epsilon Ltd","$2,441.02","$195.28","$66.33","$2,702.63","2025-10-28T07:00:00Z"
"INV-1355","CUST-355","Zeta Group","$3,622.28","$289.78","$41.41","$3,953.47","2025-05-09T07:00:00Z"
"INV-1356","CUST-356","Beta LLC","$777.27","$62.18","$24.89","$864.34","2025-01-17T08:00:00Z"
"INV-1357","CUST-357","Theta Enterprises","$2,288.93","$183.11","$35.88","$2,507.92","2025-08-07T07:00:00Z"
"INV-1358","CUST-358","Omega Partners","$2,527.49","$202.20","$24.69","$2,754.38","2025-08-28T07:00:00Z"
"INV-1359","CUST-359","Acme Corp","$1,278.35","$102.27","$37.56","$1,418.18","2025-03-12T07:00:00Z"
"INV-1360","CUST-360","Omega Partners","$1,028.49","$82.28","$40.74","$1,151.51","2025-10-14T07:00:00Z"
"INV-1361","CUST-361","Gamma Inc","$2,264.87","$181.19","$84.42","$2,530.48","2025-05-10T07:00:00Z"
"INV-1362","CUST-362","Lambda Systems","$544.96","$43.60","$61.78","$650.34","2025-03-13T07:00:00Z"
"INV-1363","CUST-363","Zeta Group","$4,591.65","$367.33","$70.28","$5,029.26","2025-09-03T07:00:00Z"
"INV-1364","CUST-364","Beta LLC","$4,550.76","$364.06","$52.23","$4,967.05","2025-04-18T07:00:00Z"
"INV-1365","CUST-365","Delta Co","$1,002.63","$80.21","$88.89","$1,171.73","2025-05-23T07:00:00Z"
"INV-1366","CUST-366","Zeta Group","$620.91","$49.67","$44.79","$715.37","2025-05-19T07:00:00Z"
"INV-1367","CUST-367","Beta LLC","$3,945.18","$315.61","$60.69","$4,321.48","2025-05-12T07:00:00Z"
"INV-1368","CUST-368","Theta Enterprises","$2,991.09","$239.29","$83.28","$3,313.66","2025-06-01T07:00:00Z"
"INV-1369","CUST-369","Beta LLC","$1,361.59","$108.93","$91.61","$1,562.13","2025-10-15T07:00:00Z"
"INV-1370","CUST-370","Epsilon Ltd","$3,408.46","$272.68","$33.80","$3,714.94","2025-06-14T07:00:00Z"
"INV-1371","CUST-371","Epsilon Ltd","$1,564.74","$125.18","$37.87","$1,727.79","2025-04-13T07:00:00Z"
"INV-1372","CUST-372","Zeta Group","$1,518.10","$121.45","$65.11","$1,704.66","2025-02-28T08:00:00Z"
"INV-1373","CUST-373","Theta Enterprises","$1,556.47","$124.52","$67.58","$1,748.57","2025-03-04T08:00:00Z"
"INV-1374","CUST-374","Epsilon Ltd","$1,663.96","$133.12","$49.17","$1,846.25","2025-10-11T07:00:00Z"
"INV-1375","CUST-375","Gamma Inc","$2,100.23","$168.02","$89.26","$2,357.51","2025-02-15T08:00:00Z"
"INV-1376","CUST-376","Gamma Inc","$1,235.69","$98.86","$59.19","$1,393.74","2025-06-12T07:00:00Z"
"INV-1377","CUST-377","Acme Corp","$1,760.92","$140.87","$95.70","$1,997.49","2025-05-14T07:00:00Z"
"INV-1378","CUST-378","Sigma Solutions","$4,212.58","$337.01","$31.97","$4,581.56","2025-05-14T07:00:00Z"
"INV-1379","CUST-379","Epsilon Ltd","$4,065.39","$325.23","$48.21","$4,438.83","2025-03-07T08:00:00Z"
"INV-1380","CUST-380","Epsilon Ltd","$935.99","$74.88","$96.32","$1,107.19","2025-03-31T07:00:00Z"
"INV-1381","CUST-381","Gamma Inc","$3,599.48","$287.96","$34.89","$3,922.33","2025-01-04T08:00:00Z"
"INV-1382","CUST-382","Epsilon Ltd","$893.63","$71.49","$22.96","$988.08","2025-02-07T08:00:00Z"
"INV-1383","CUST-383","Omega Partners","$1,780.17","$142.41","$28.76","$1,951.34","2025-01-06T08:00:00Z"
"INV-1384","CUST-384","Beta LLC","$4,242.60","$339.41","$21.34","$4,603.35","2025-07-30T07:00:00Z"
"INV-1385","CUST-385","Omega Partners","$3,667.43","$293.39","$64.40","$4,025.22","2025-01-10T08:00:00Z"
"INV-1386","CUST-386","Delta Co","$2,184.83","$174.79","$75.05","$2,434.67","2025-04-16T07:00:00Z"
"INV-1387","CUST-387","Acme Corp","$3,981.41","$318.51","$98.20","$4,398.12","2025-10-18T07:00:00Z"
"INV-1388","CUST-388","Sigma Solutions","$1,126.27","$90.10","$32.45","$1,248.82","2025-03-22T07:00:00Z"
"INV-1389","CUST-389","Theta Enterprises","$652.67","$52.21","$84.65","$789.53","2025-07-19T07:00:00Z"
"INV-1390","CUST-390","Beta LLC","$1,248.40","$99.87","$95.54","$1,443.81","2025-03-20T07:00:00Z"
